"name_2","TOTAL_SALES","Q1_COUNT","Q2_COUNT","Q3_COUNT","Q4_COUNT","UNDER_COUNT","OVER_COUNT","ACCURATE_COUNT"
"RESIDENTIAL",963,241,241,241,240,269,277,417
"ARBORS",455,114,114,114,113,145,137,173
"TOWNHOMES",361,91,90,90,90,83,104,174
"OLD EAST DURHAM",349,88,87,87,87,130,139,80
"NE ROXBORO & I-85",275,69,69,69,68,95,107,73
"HOPE VALLEY - NEW",203,51,51,51,50,41,55,107
"MARTIN LUTHER KG/HOPE VAL",172,43,43,43,43,58,63,51
"TOWNES AT COURTNEY CREEK",172,43,43,43,43,41,29,102
"ROXBORO STADIUM DUKE HUMS",168,42,42,42,42,46,52,70
"ANDREWS CHAPEL",153,39,38,38,38,25,21,107
"CLEVELAND HOLLOWAY",150,38,38,37,37,50,56,44
"ELLIS ROAD TWNHMS PH 1&2",149,38,37,37,37,21,38,90
"55 AT THE PARK",143,36,36,36,35,35,37,71
"HABITATE HAY DEVELOPMENT",143,36,36,36,35,60,65,18
"TRINITY PARK",141,36,35,35,35,42,40,59
"WOODCROFT",140,35,35,35,35,40,40,60
"JOYLAND",133,34,33,33,33,37,51,45
"ALSON AND NIXON",131,33,33,33,32,43,51,37
"LEBANON",130,33,33,32,32,39,45,46
"OLD N DURHAM",122,31,31,30,30,37,40,45
"LATTA ROAD",121,31,30,30,30,32,33,56
"CHAPEL HILL RD",115,29,29,29,28,38,44,33
"GROVE PARK",115,29,29,29,28,21,33,61
"PRESIDENTIAL",114,29,29,28,28,25,40,49
"GREENWOOD",113,29,28,28,28,21,32,60
"ALEXANDER PL TOWNHOMES",112,28,28,28,28,23,18,71
"WOOD LAKE",111,28,28,28,27,13,29,69
"ELLIS ROAD TWNHMS PH 3B",109,28,27,27,27,18,23,68
"PENRITH WEST AND OTHERS",109,28,27,27,27,22,35,52
"BRIGHTWOOD TRIALS",108,27,27,27,27,16,20,72
"TREYBURN",96,24,24,24,24,26,33,37
"WAKE FOREST/HWY & SHARRON",95,24,24,24,23,31,32,32
"751 SOUTH TWNHMS PH 01A",92,23,23,23,23,14,14,64
"NEW SUBDIVISION",92,23,23,23,23,10,10,72
"CARLTON CROSSING",91,23,23,23,22,33,32,26
"TOWNHOME COMMUNITY",90,23,23,22,22,14,35,41
"AMERICAN VILLAGE",89,23,22,22,22,18,26,45
"CROASDAILE",89,23,22,22,22,31,28,30
"ELM GROVE",88,22,22,22,22,13,15,60
"ASHTON HALL",87,22,22,22,21,24,13,50
"MIAMI AND 70 RESIDENTIAL",87,22,22,22,21,31,32,24
"CANDLEWICK",86,22,22,21,21,19,30,37
"98/N. CO. LINE/85/SHARRON",85,22,21,21,21,31,34,20
"WATTS HILLANDALE",85,22,21,21,21,29,26,30
"AUTUM LEAF",84,21,21,21,21,12,18,54
"ELLIS RD PH 3C",83,21,21,21,20,18,11,54
"LAKEWOOD",83,21,21,21,20,22,31,30
"RIDGEWOOD/RIDGEFIELD",83,21,21,21,20,12,17,54
"751 SOUTH",82,21,21,20,20,14,12,56
"MIAMI & PLEASENT",80,20,20,20,20,19,20,41
"SYKES PROPERTY",80,20,20,20,20,12,11,57
"FINLEY FOREST",79,20,20,20,19,15,16,48
"THOMPSON RIDGE",79,20,20,20,19,11,19,49
"I-85 & BROAD NE",78,20,20,19,19,31,25,22
"MEADOWS AT TWIN LAKES",78,20,20,19,19,5,10,63
"NICHOLS FARM",77,20,19,19,19,14,16,47
"RES SOUTH OF NCCU",77,20,19,19,19,24,30,23
"ATWATER TOWNHOMES",76,19,19,19,19,6,9,61
"OLD OXFORD AND DEARBORN",76,19,19,19,19,25,27,24
"OLD W DURHAM",76,19,19,19,19,25,31,20
"VILLAGE GREEN",74,19,19,18,18,25,18,31
"WEST BRIER TOWNHOMES",74,19,19,18,18,14,13,47
"RAVENSTON",73,19,18,18,18,17,12,44
"W CHAPEL HILL RD",72,18,18,18,18,28,23,21
"WYNTERFIELD",72,18,18,18,18,15,8,49
"COUNTRY CLUB",71,18,18,18,17,25,21,25
"STONEHILL",71,18,18,18,17,12,15,44
"PROVIDENCE AT SOUTHPOINT",70,18,18,17,17,17,10,43
"ARCHDALE AND ROXBORO",69,18,17,17,17,22,28,19
"BAHAMA RUAL",69,18,17,17,17,19,26,24
"CHANCELLOR'S RIDGE TOWNHO",69,18,17,17,17,13,16,40
"WALL TOWN",69,18,17,17,17,25,22,22
"GROVE PARK GOLT",68,17,17,17,17,9,11,48
"ONE CITY CENTER CONDOS",68,17,17,17,17,23,16,29
"COUNTY LINE N. DUR/CH&11B",67,17,17,17,16,24,23,20
"SOUTHSIDE",67,17,17,17,16,25,21,21
"AUBURN SQUARE TOWNHOMES",65,17,16,16,16,5,9,51
"FAIRFIELD/KINGSLEY ESTATE",65,17,16,16,16,13,12,40
"HIGHLAND PARK",65,17,16,16,16,7,13,45
"MAGNOLIA CREEK",65,17,16,16,16,12,21,32
"LYONS FARM/THE OAKS/GRAND",64,16,16,16,16,10,10,44
"CLUB & DEARBORN",63,16,16,16,15,25,20,18
"SOUTHERN POINTE",63,16,16,16,15,10,10,43
"ERO TRACE",62,16,16,15,15,10,16,36
"FAYETTEVILLE AND COOK RD",62,16,16,15,15,17,23,22
"FENDOL FARMS TWNHM",62,16,16,15,15,16,20,26
"ADUBON PARK",61,16,15,15,15,9,12,40
"PAGE SQUARE TOWNES",61,16,15,15,15,24,16,21
"BRIGHT LEAF AT PARK TOWNS",59,15,15,15,14,5,17,37
"COURTYARDS AT SOUTHPOINT",59,15,15,15,14,19,13,27
"RUSTIC OAKS",59,15,15,15,14,11,10,38
"THE VILLAGE TOWNS",59,15,15,15,14,15,11,33
"LAKESHORE",58,15,15,14,14,21,18,19
"HANOVER POINTE",57,15,14,14,14,15,10,32
"FOREST HILLS",56,14,14,14,14,18,21,17
"FORESTWOOD HEIGHTS",56,14,14,14,14,18,21,17
"NORTHERN HS RESIDENTIAL",56,14,14,14,14,15,16,25
"CAMBREY CROSSING BY ASHTON WOODS",55,14,14,14,13,6,0,49
"HUNTINGTON VALLEY",55,14,14,14,13,21,15,19
"ASHFIELD PLACE",54,14,14,13,13,10,11,33
"MELBERRY PARK TOWNS",54,14,14,13,13,8,6,40
"LANDON FARMS",53,14,13,13,13,9,16,28
"70 RES WAKE LINE",52,13,13,13,13,20,20,12
"DUKE PARK",52,13,13,13,13,10,14,28
"MAGNOLIA CREEK TOWNHOMES",52,13,13,13,13,6,7,39
"OLD FARM",52,13,13,13,13,14,15,23
"WINSFORD AT THE PARK",52,13,13,13,13,16,7,29
"COLEMILL N OF 85",51,13,13,13,12,22,13,16
"GLENNVIEW PARK",51,13,13,13,12,14,16,21
"LOCHSIDE",51,13,13,13,12,6,8,37
"WINDSOR HILLS",51,13,13,13,12,17,14,20
"BAY CREEK",50,13,13,12,12,18,3,29
"BRIGHT LEAF AT PARK P1B&2",50,13,13,12,12,11,4,35
"HARLOWE POINT  KLLB AIV LLC  PL208-108  LENNAR HOMES",50,13,13,12,12,17,10,23
"HARVARD AND MIAMI RES",50,13,13,12,12,21,22,7
"SNOWHILL RD.",50,13,13,12,12,13,13,24
"BRADBUBY TRACE",49,13,12,12,12,9,11,29
"ELLIS CROSSING",49,13,12,12,12,16,16,17
"HUCKLEBERRY HEIGHTS",49,13,12,12,12,12,16,21
"N FREEMAN W FLETCHERS",48,12,12,12,12,17,20,11
"SHERRON PLACE TOWNHOMES - MI HOMES",48,12,12,12,12,13,9,26
"SPRING VALLEY",48,12,12,12,12,11,15,22
"STRATFORD",48,12,12,12,12,11,11,26
"CRYSTAL PINES 2",47,12,12,12,11,3,12,32
"DAVIS PARK/FINSBRY",46,12,12,11,11,8,12,26
"WELLONS VILLAGE",46,12,12,11,11,11,15,20
"COPLEY FARMS TWNHMS",45,12,11,11,11,12,3,30
"DOGWOOD POINTE",45,12,11,11,11,6,4,35
"DUKE UNIV HOMESITES SEC6",45,12,11,11,11,12,15,18
"ENCLAVE AT LEESVILLE",45,12,11,11,11,8,10,27
"GREER AND JOYNER",45,12,11,11,11,21,18,6
"GREYSTONE GREEN",45,12,11,11,11,12,11,22
"SOUTHSIDE NEW CONSTR",45,12,11,11,11,13,14,18
"BRANDON RIDGE",44,11,11,11,11,11,9,24
"CHEEK AND ROBINHOOD",44,11,11,11,11,14,15,15
"AUBURN",43,11,11,11,10,9,7,27
"COLONY HILL",43,11,11,11,10,13,14,16
"HARDSCRABBLE PLANTATION",43,11,11,11,10,9,12,22
"PARKWOOD RIDGE",43,11,11,11,10,8,7,28
"ROUGEMONT",43,11,11,11,10,16,15,12
"S DUKE ST",43,11,11,11,10,9,17,17
"SWANNS MILL",43,11,11,11,10,5,10,28
"THE HILLS AT SOUTHPOINT",43,11,11,11,10,5,13,25
"TRILOGY AT BRIER CREEK",43,11,11,11,10,11,12,20
"BRIGHTON STATION",42,11,11,10,10,10,16,16
"COPLEY FARMS",42,11,11,10,10,5,10,27
"NORTHERN HS CITY",42,11,11,10,10,12,14,16
"SHEPARD'S SQUARE",42,11,11,10,10,14,8,20
"CEDARS VILLA D",41,11,10,10,10,13,18,10
"BRIER VILLAGE",40,10,10,10,10,10,6,24
"DURHAM COTTON MANUF",40,10,10,10,10,12,15,13
"POPE'S CROSSING TOWNHOMES",40,10,10,10,10,12,10,18
"BRIGHT LEAF AT PARK P2",39,10,10,10,9,3,8,28
"CEDARS VILLA A",39,10,10,10,9,15,14,10
"DUKE TOWER",39,10,10,10,9,5,7,27
"HILLSBOROUGH & GATEHILL",39,10,10,10,9,11,11,17
"SOUTH POINT TRAILS",39,10,10,10,9,8,6,25
"STONEWALL VILLAGE",39,10,10,10,9,10,7,22
"BRIGHT LEAF AT PARK P1",38,10,10,9,9,9,7,22
"GLENBROOK",38,10,10,9,9,13,14,11
"HUNINGTON RIDGE",38,10,10,9,9,8,6,24
"SOUTHPOINT TOWNES",38,10,10,9,9,9,5,24
"TAYLOR ESTATES",38,10,10,9,9,6,7,25
"ASHLEY FIRST",37,10,9,9,9,9,12,16
"KEYSTONE CROSSING",37,10,9,9,9,7,10,20
"MILAN WOODS",37,10,9,9,9,5,11,21
"WALDEN POND",37,10,9,9,9,6,7,24
"WATERFORD",37,10,9,9,9,7,7,23
"CLAYTON CROSSING",36,9,9,9,9,13,11,12
"CRESSET OVERLOOK",36,9,9,9,9,6,6,24
"GLEN STONE",36,9,9,9,9,3,8,25
"HARRINGTON MEADOWS",36,9,9,9,9,6,8,22
"HARRINGTON PINES",36,9,9,9,9,8,6,22
"WARREN PARK",36,9,9,9,9,15,14,7
"ELLIOTT SQUARE TOWNES",35,9,9,9,8,4,2,29
"STARLING WOODS",35,9,9,9,8,5,6,24
"TREYBURN LOBLOLLY",35,9,9,9,8,7,6,22
"VLGS AT CORNWALLIS",35,9,9,9,8,4,7,24
"COURTNEY CREEK TOWNHOMES",34,9,9,8,8,14,10,10
"DUNBARTON CIRCLE",34,9,9,8,8,7,7,20
"FIELDSTONE",34,9,9,8,8,6,10,18
"PAGEHURST",34,9,9,8,8,7,7,20
"CREEKSIDE AT BETHPAGE",33,9,8,8,8,11,6,16
"CRYSTAL MEADOWS",33,9,8,8,8,12,12,9
"GREEN HOPE VALLEY",33,9,8,8,8,5,6,22
"HOMES STARTING IN THE 380S --- KB HOMES BUILDER",33,9,8,8,8,0,1,32
"HOPE VALLEY ON RUGBY RD.",33,9,8,8,8,10,9,14
"MAGNOLIA PLACE",33,9,8,8,8,6,7,20
"BIRCHWOOD HEIGHTS",32,8,8,8,8,11,12,9
"COPPER CREEK",32,8,8,8,8,4,6,22
"ELLIS RD TWNHMS 3C",32,8,8,8,8,1,2,29
"GARRETT FARMS",32,8,8,8,8,7,5,20
"SPARGER SPRINGS",32,8,8,8,8,1,8,23
"THAXTON",32,8,8,8,8,6,8,18
"WOODCREST",32,8,8,8,8,4,5,23
"BELGREEN",31,8,8,8,7,7,3,21
"BLACK HORSE RUN",31,8,8,8,7,5,8,18
"CREEKSIDE COMMONS",31,8,8,8,7,4,4,23
"FLETCHERS MILL  HWY 85 & HWY 98  PHILLIPS CREEK",31,8,8,8,7,10,12,9
"KENWOOD RD.",31,8,8,8,7,6,10,15
"LYNN HOLLOW",31,8,8,8,7,6,5,20
"SOUTHPOINT LANDING",31,8,8,8,7,5,8,18
"WESTWOOD ESTATES",31,8,8,8,7,6,5,20
"ABERDEEN AND GLENN",30,8,8,7,7,12,12,6
"AUTUMN RIDGE",30,8,8,7,7,8,9,13
"BRIGHT LEAF AT THE PARK",30,8,8,7,7,5,8,17
"EAGEL POINT",30,8,8,7,7,1,5,24
"FOREST OAKS",30,8,8,7,7,6,8,16
"GREY MOSS",30,8,8,7,7,7,9,14
"SETTLERS MILL",30,8,8,7,7,8,4,18
"SUMMER MEADOW",30,8,8,7,7,8,6,16
"SWANNS MILL TOWNS",30,8,8,7,7,2,4,24
"DOWNING CREEK/BRDF PI",29,8,7,7,7,3,6,20
"ERWINWOOD",29,8,7,7,7,2,7,20
"PANTHER CREEK",29,8,7,7,7,4,5,20
"CAMDEN & AVONDALE",28,7,7,7,7,9,12,7
"COACHMANS WAY",28,7,7,7,7,3,4,21
"DAVIS PARK TOWNHOMES",28,7,7,7,7,8,8,12
"LAKESHORE TOWNHOMES",28,7,7,7,7,1,10,17
"MARY HILL",28,7,7,7,7,6,10,12
"TRIPLE CROWN - WAKE FOREST HWY - AG EHC (LEN) MULTI STATE 2 LLC",28,7,7,7,7,5,7,16
"BARWICK DR",27,7,7,7,6,4,7,16
"BROAD ACRES",27,7,7,7,6,7,10,10
"CARILLAN FOREST",27,7,7,7,6,1,5,21
"EBONT/FAYETTEVILLE RD.",27,7,7,7,6,7,12,8
"FALLS VILLAGE GOLF COURSE COMMUNITY",27,7,7,7,6,8,8,11
"GANYARD FARM",27,7,7,7,6,2,6,19
"OAKHAURST/LAKEHURST",27,7,7,7,6,7,3,17
"RANDOLPH HOUSE",27,7,7,7,6,7,6,14
"CAITHERS POINTE/LINDENOAK",26,7,7,6,6,6,7,13
"GAITHERS POINTE",26,7,7,6,6,2,5,19
"HEBRON VILLAGE  BULL CITY NORTH LLC",26,7,7,6,6,3,8,15
"MERIDAN TOWNHOMES",26,7,7,6,6,7,6,13
"ROSELAND AVE",26,7,7,6,6,7,10,9
"SINGLE FAMILY AND TOWNHOME SUBDIVISION",26,7,7,6,6,13,13,0
"TIMBERLEAF",26,7,7,6,6,4,2,20
"TURNAGE HEIGHTS",26,7,7,6,6,6,7,13
"CHAMBERLYNNE",25,7,6,6,6,2,3,20
"DENFIELD AND MONK",25,7,6,6,6,8,12,5
"FINSBURY @ DAVIS PK TWNHM",25,7,6,6,6,3,6,16
"HAMLIN AND OLD OXFORD",25,7,6,6,6,10,8,7
"MANGUM FLATS CONDOS",25,7,6,6,6,10,7,8
"REGENCY BLUFFS",25,7,6,6,6,6,5,14
"SAGEWOOD",25,7,6,6,6,4,0,21
"THE TOWNS",25,7,6,6,6,6,4,15
"TRIPLE CROWN - WAKE FOREST HWY - AG EHC (LEN) MULTI STATE 2 LLC - TOWNHOMES",25,7,6,6,6,4,6,15
"WELLINGTON",25,7,6,6,6,2,5,18
"751 SOUTH TWNHMS",24,6,6,6,6,0,1,23
"ANDERSON ST 2",24,6,6,6,6,6,7,11
"BENNINGTON",24,6,6,6,6,6,4,14
"BRIGHTLEAF AT THE PARK",24,6,6,6,6,2,4,18
"STONE BRIDGE",24,6,6,6,6,5,6,13
"WILLIOW HILL",24,6,6,6,6,6,7,11
"WOODCROFT TOWNHOMES",24,6,6,6,6,3,4,17
"ARGONNE HILLS",23,6,6,6,5,7,5,11
"BULL CITY CONDONS",23,6,6,6,5,6,2,15
"CEDARS VERANDA-A",23,6,6,6,5,6,4,13
"CRYSTAL LAKE TWNHMS",23,6,6,6,5,3,6,14
"HOPE VALLEY NORTH",23,6,6,6,5,5,8,10
"HUNTLEY",23,6,6,6,5,1,4,18
"SEDGEWOOD",23,6,6,6,5,3,5,15
"VANTAGE POINTE",23,6,6,6,5,7,9,7
"WELDON DOWNS TOWNHOMES",23,6,6,6,5,1,4,18
"WYNDMOOR AT THE PARK",23,6,6,6,5,7,3,13
"CROSS TIMBERS",22,6,6,5,5,0,6,16
"MADISON GLEN",22,6,6,5,5,6,5,11
"SCARESDALE",22,6,6,5,5,6,6,10
"UMSTEAD GROVE TOWNHOUSES - M/I HOMES OF RALEIGH LLC",22,6,6,5,5,6,4,12
"AMBER LYNN",21,6,5,5,5,2,6,13
"ANDREWS CHAPEL TOWNS",21,6,5,5,5,3,3,15
"ELLIS CROSSING TWNHMS PH2",21,6,5,5,5,4,3,14
"HOPE CREEK",21,6,5,5,5,6,5,10
"ROCKY RIDGE",21,6,5,5,5,3,5,13
"TRINITY HEIGHTS",21,6,5,5,5,7,7,7
"40 & PAGE TOWNHOMES",20,5,5,5,5,8,7,5
"751 SOUTH FUTURE USE",20,5,5,5,5,6,1,13
"85 NORTH, COUNTY LINE",20,5,5,5,5,7,8,5
"ALEXANDER CROSSING",20,5,5,5,5,1,2,17
"COLONY WOODS",20,5,5,5,5,2,7,11
"PROP-OLIVE BRANCH WEST PL000205-000129",20,5,5,5,5,0,8,12
"VALLEY RAN",20,5,5,5,5,3,1,16
"CANTERBURY",19,5,5,5,4,6,3,10
"COLONY PARK",19,5,5,5,4,5,8,6
"CREEKSIDE",19,5,5,5,4,4,5,10
"DOWNING CREEK",19,5,5,5,4,4,5,10
"PEPPERTREE",19,5,5,5,4,7,6,6
"SOUTHEAST PARK",19,5,5,5,4,7,6,6
"SOUTHPOINT TERRACE PHS 1",19,5,5,5,4,3,3,13
"TANGLEWOOD",19,5,5,5,4,4,6,9
"ARCHERWOODS",18,5,5,4,4,7,5,6
"CARPENTER WOODS",18,5,5,4,4,2,3,13
"GLENN CROSSING  TOWNHOMES  BROOKFIELD HOLDINGS (GLENN ROAD) LLC",18,5,5,4,4,2,1,15
"HEATHER RIDGE",18,5,5,4,4,2,5,11
"RIVER OAKS",18,5,5,4,4,8,4,6
"SUMMER MEADOW TOWNS",18,5,5,4,4,3,1,14
"SUN RIDGE POINTE",18,5,5,4,4,0,4,14
"UMSTEAD & STERLING",18,5,5,4,4,4,3,11
"WELLINGTON FOREST",18,5,5,4,4,1,7,10
"ANDERSON ST",17,5,4,4,4,6,5,6
"BAKERS MILL",17,5,4,4,4,7,6,4
"CHANCELLORS RIDGE TWNHMS",17,5,4,4,4,1,4,12
"DUKE UNIV HOMESITES SEC 9",17,5,4,4,4,5,7,5
"FAYETTEVILLE AND HOMELAND",17,5,4,4,4,3,7,7
"FISHER HEIGHTS",17,5,4,4,4,4,5,8
"HORTON HILLS",17,5,4,4,4,3,4,10
"MUIRFIELD VLG TWNHMS",17,5,4,4,4,2,1,14
"REDGATE",17,5,4,4,4,7,4,6
"TOWNHOUSE",17,5,4,4,4,4,3,10
"WALSENBURG",17,5,4,4,4,3,3,11
"WESTGATE",17,5,4,4,4,3,2,12
"BRIGHT LEAF AT PARK P3",16,4,4,4,4,3,5,8
"CHAPEL RUN",16,4,4,4,4,2,3,11
"CHARLES SQUARE TOWNHOMES",16,4,4,4,4,0,3,13
"CHEEK AND CATALPA",16,4,4,4,4,3,5,8
"ELLERBEE CREEK PRESRV",16,4,4,4,4,3,3,10
"GREYFIELD",16,4,4,4,4,4,2,10
"HOLSTON MEADOWS TWNHMS",16,4,4,4,4,6,2,8
"PEBBLE CREEK",16,4,4,4,4,4,4,8
"SEDGEWOOD TOWNHOMES",16,4,4,4,4,0,1,15
"STRATTON PARK",16,4,4,4,4,5,6,5
"TROTTER RIDGE",16,4,4,4,4,6,6,4
"WHITNEY PARK TOWNHOMES",16,4,4,4,4,4,3,9
"CLUSTER TOWNHOMES",15,4,4,4,3,4,2,9
"DUNBARTON 2",15,4,4,4,3,2,4,9
"HALES WOOD RD.",15,4,4,4,3,4,4,7
"HICKORY GLEN",15,4,4,4,3,4,3,8
"HOOVER AND SOUTHERLAND",15,4,4,4,3,5,4,6
"LADSBURRY",15,4,4,4,3,4,4,7
"PAGEHURST TWNS",15,4,4,4,3,1,1,13
"PARK PLACE VILLAGE",15,4,4,4,3,3,5,7
"PARKSIDE",15,4,4,4,3,2,6,7
"PLACID VALLEY",15,4,4,4,3,4,7,4
"STIRRUP CREEK",15,4,4,4,3,3,2,10
"WESTON DOWN",15,4,4,4,3,2,1,12
"WEXFORD/MAYFAIR ESTATES",15,4,4,4,3,5,3,7
"BLENHEIM WOODS",14,4,4,3,3,3,2,9
"CROASDAILE FARM SEC. 1",14,4,4,3,3,3,2,9
"LAKEVIEW",14,4,4,3,3,2,2,10
"MAIN & ELM",14,4,4,3,3,2,3,9
"ORCHARD LAKE",14,4,4,3,3,2,3,9
"ORCHARD RIDGE",14,4,4,3,3,2,3,9
"PARK PLACE",14,4,4,3,3,4,3,7
"POPE'S CROSSING",14,4,4,3,3,2,2,10
"REYNOLDS AVE",14,4,4,3,3,4,2,8
"ROYAL TROON",14,4,4,3,3,3,2,9
"STILLWOOD",14,4,4,3,3,3,5,6
"THE VALLEY",14,4,4,3,3,3,3,8
"ALBEN ST.",13,4,3,3,3,3,3,7
"BAY POINTE",13,4,3,3,3,6,3,4
"BELCREST",13,4,3,3,3,2,1,10
"BENT CREEK",13,4,3,3,3,2,4,7
"CAMERON WOODS",13,4,3,3,3,1,4,8
"CHAPEL RUN TOWNHOMES",13,4,3,3,3,1,1,11
"CROWN POINTE",13,4,3,3,3,2,3,8
"E. DURHAM C&I",13,4,3,3,3,4,6,3
"FRAZIER FIRST",13,4,3,3,3,0,1,12
"GREEN MILL",13,4,3,3,3,3,3,7
"HARBOR POINTE",13,4,3,3,3,1,6,6
"NORTH I40 RURAL",13,4,3,3,3,4,3,6
"ORCHARD RIDGE TOWNS",13,4,3,3,3,1,1,11
"STEPHENS WOODS",13,4,3,3,3,3,1,9
"TERRACES AT MOREHEAD HILL",13,4,3,3,3,1,3,9
"THE GROVE TWNHMS",13,4,3,3,3,2,5,6
"VLGS @ CORNWALLIS",13,4,3,3,3,2,2,9
"WILLOW HAVEN",13,4,3,3,3,2,2,9
"BRADBUBY GLEN",12,3,3,3,3,4,5,3
"BRIGHTON RD.",12,3,3,3,3,1,3,8
"CEDARS COTTAGES",12,3,3,3,3,5,3,4
"CHAMPIONS POINTE",12,3,3,3,3,2,2,8
"FIRE OAKS TOWNHOMES",12,3,3,3,3,1,2,9
"HARVEST OAKS",12,3,3,3,3,0,2,10
"HAVENHILL",12,3,3,3,3,1,4,7
"HEATHERWOOD",12,3,3,3,3,3,2,7
"HILLVIEW TERRACE",12,3,3,3,3,4,5,3
"MAIDA VALE",12,3,3,3,3,3,5,4
"PICKETT PARK",12,3,3,3,3,3,2,7
"PRESCOTT PLC/ENCLAVE FARM",12,3,3,3,3,2,4,6
"RED MOUNTAIN",12,3,3,3,3,4,1,7
"SEVEN OAKS TOWNS",12,3,3,3,3,1,4,7
"CHADS FORD",11,3,3,3,2,1,0,10
"DRHM CENT PRK",11,3,3,3,2,2,2,7
"EMORYWOOD ESTATES",11,3,3,3,2,2,3,6
"FOX DEN",11,3,3,3,2,2,3,6
"GANYARD",11,3,3,3,2,0,1,10
"LASSITER ST",11,3,3,3,2,1,3,7
"VALLEY SPRINGS",11,3,3,3,2,3,1,7
"VILLAGE HEARTH COHOUSING",11,3,3,3,2,4,2,5
"BENTWOOD",10,3,3,2,2,5,5,0
"BRIAR CREEK",10,3,3,2,2,1,0,9
"CHATFIELD COURT",10,3,3,2,2,1,1,8
"CLUB AND WASHINGTON",10,3,3,2,2,3,2,5
"CREST ST",10,3,3,2,2,2,4,4
"DANIELS FARM",10,3,3,2,2,3,3,4
"ENO FOREST",10,3,3,2,2,3,2,5
"GUESS RD. NORTH OF 85",10,3,3,2,2,2,3,5
"HOLLYMEADE",10,3,3,2,2,3,1,6
"HPVL RIDGE TOWNHOMES",10,3,3,2,2,0,2,8
"LOCHN'ORA",10,3,3,2,2,1,2,7
"PATTERSON PARK",10,3,3,2,2,1,1,8
"PROVIDENCE RIDGE",10,3,3,2,2,2,1,7
"ROUGEMONT SOUTH",10,3,3,2,2,3,3,4
"SNOWHILL PRESSURE",10,3,3,2,2,1,2,7
"SOUTHAMPTON",10,3,3,2,2,3,1,6
"SOUTHPOINT STATION",10,3,3,2,2,4,0,6
"WOODCREST HEMMINGWOOD",10,3,3,2,2,3,1,6
"BAHAMA SOUTH",9,3,2,2,2,4,4,1
"CABESMILL",9,3,2,2,2,3,2,4
"CEDARWOOD VILLAS",9,3,2,2,2,1,1,7
"COLVARD FARMS",9,3,2,2,2,2,3,4
"CORNERS @ BRIER CRK TNHMS",9,3,2,2,2,0,0,9
"EADEN LAKES",9,3,2,2,2,1,2,6
"FITZFORD ESTATE",9,3,2,2,2,0,3,6
"GATEWOOD",9,3,2,2,2,0,2,7
"HICKORY DOWNS",9,3,2,2,2,1,1,7
"I40/HWY54/I40 RURAL",9,3,2,2,2,4,3,2
"KIRBY ST",9,3,2,2,2,3,4,2
"PARTNERS PLACE",9,3,2,2,2,0,2,7
"THE BARTLETT CONDOS",9,3,2,2,2,1,1,7
"THE RESERVE",9,3,2,2,2,1,1,7
"TRENTON",9,3,2,2,2,2,2,5
"VLGS @ CULP ARBOR_",9,3,2,2,2,0,2,7
"WILLOW RIDGE",9,3,2,2,2,1,2,6
"WOODCHAPEL",9,3,2,2,2,0,1,8
"ALSTON AVE SOUTH",8,2,2,2,2,3,3,2
"CHADSFORD",8,2,2,2,2,2,3,3
"COLONY HILL CONDOS",8,2,2,2,2,2,2,4
"CRYSTAL PINES TOWNHOMES",8,2,2,2,2,0,2,6
"DAIRY POND",8,2,2,2,2,1,3,4
"DURHAM FRWY&I-85",8,2,2,2,2,2,2,4
"EVERWOOD",8,2,2,2,2,3,3,2
"GLEN LAUREL",8,2,2,2,2,0,0,8
"INNISFREE",8,2,2,2,2,3,1,4
"KILARNEY DR",8,2,2,2,2,3,2,3
"KNOLLWOOD",8,2,2,2,2,2,3,3
"NORTH FORK",8,2,2,2,2,3,2,3
"OXFORD COMMONS RESIDENTAL",8,2,2,2,2,2,3,3
"PICKETT EST",8,2,2,2,2,2,3,3
"PVLN E LOFTS",8,2,2,2,2,1,3,4
"ROLLINGWOOD",8,2,2,2,2,2,2,4
"ROSEBRIAR",8,2,2,2,2,1,2,5
"ROWENA EIGHT",8,2,2,2,2,2,1,5
"SOLTERRA",8,2,2,2,2,2,1,5
"SPRUNT & MOUNTAINVIEW",8,2,2,2,2,2,2,4
"TREYBURN I8 TWNHMS",8,2,2,2,2,3,3,2
"TRINITY PLACE TWNHMS/LOFT",8,2,2,2,2,2,2,4
"WINDSOR COMMONS TOWNHOMES",8,2,2,2,2,1,1,6
"ALTDORF/BAHAMA WOODS",7,2,2,2,1,1,1,5
"BARBEE MDWS",7,2,2,2,1,2,1,4
"BIG TWIG LN",7,2,2,2,1,1,0,6
"CARDINAL LK TOWNHOMES",7,2,2,2,1,0,0,7
"CATHY RD",7,2,2,2,1,2,1,4
"CHOWNINGS PLACE TOWNHOMES",7,2,2,2,1,1,3,3
"COUNTRY KNOLL",7,2,2,2,1,0,3,4
"GLIDEWAY",7,2,2,2,1,1,1,5
"GREYSTONE",7,2,2,2,1,0,2,5
"HACKNEY",7,2,2,2,1,3,1,3
"LAKE PARK",7,2,2,2,1,3,1,3
"LAUREL GLEN",7,2,2,2,1,1,1,5
"OAK FOREST",7,2,2,2,1,1,1,5
"STANLEY ROAD",7,2,2,2,1,3,2,2
"STONEGATE",7,2,2,2,1,1,1,5
"THE POINT AT STRATFORD",7,2,2,2,1,2,3,2
"TYNDRUM",7,2,2,2,1,2,3,2
"VALLEY CREST TOWNHOMES",7,2,2,2,1,0,1,6
"WHITE OAK/POPE",7,2,2,2,1,1,3,3
"WHITNEY PARK @ SPRING HIL",7,2,2,2,1,3,3,1
"BAHAMA CENTRAL",6,2,2,1,1,2,2,2
"LEBANON ACRES",6,2,2,1,1,2,2,2
"MCKENZIE PLACE TWNHM",6,2,2,1,1,0,0,6
"MOREHEAD",6,2,2,1,1,0,0,6
"MORNINGSIDE",6,2,2,1,1,1,1,4
"MSY CHAPEL/751",6,2,2,1,1,2,1,3
"REVERE CT TWNHMS",6,2,2,1,1,1,1,4
"THE BRANNAN",6,2,2,1,1,0,1,5
"VILLAGES AT CORNWALLIS",6,2,2,1,1,1,1,4
"WHEATLAND CONDOS",6,2,2,1,1,2,2,2
"WINDERMERE RIDGE",6,2,2,1,1,2,0,4
"BARKLEY STREET TWNHMS",5,2,1,1,1,0,1,4
"BLUECREST",5,2,1,1,1,1,0,4
"CARRIAGE HILL",5,2,1,1,1,0,0,5
"CEDARS VERANDA-B",5,2,1,1,1,1,2,2
"ELEVEN TOWNHOMES",5,2,1,1,1,0,2,3
"FAIRWAY TOWNS",5,2,1,1,1,1,0,4
"GOLD LEAF VENTURES-NEW SFR",5,2,1,1,1,0,0,5
"GRANDIN TRACE",5,2,1,1,1,0,1,4
"LAKEWINDS",5,2,1,1,1,2,2,1
"LATTA WOODS",5,2,1,1,1,0,1,4
"LAURAL VILLAGE",5,2,1,1,1,0,0,5
"MANGUM 506",5,2,1,1,1,1,0,4
"MARYWOOD",5,2,1,1,1,1,1,3
"NORTH DURHAM UTILITIES",5,2,1,1,1,2,1,2
"ORCHARD PARK",5,2,1,1,1,0,0,5
"PICKETT CROSSING",5,2,1,1,1,1,1,3
"POLARIS DR",5,2,1,1,1,1,1,3
"RAWDON DRIVE",5,2,1,1,1,1,1,3
"SHERIDAN DR",5,2,1,1,1,1,1,3
"THE VILLAGES",5,2,1,1,1,0,2,3
"TREYBURN CC VIL TWNHMS",5,2,1,1,1,2,1,2
"WESTGATE CONDOS",5,2,1,1,1,0,2,3
"WINTON RD",5,2,1,1,1,2,1,2
"WOLF LAUREL",5,2,1,1,1,1,2,2
